model,task,run_id,episode_id,baseline_condition_id,condition_id,persona,ranking_valid_pair,decision_consistent_pair,valid_pair,kendall_tau,concordant_pairs,discordant_pairs,topk_ranking_overlap,admit_overlap,topk_overlap,baseline_admit,persona_admit,baseline_ranking,persona_ranking,baseline_error,persona_error
llama3.1:8b,generated_dataset,1777266478,E0001,none,psychiatry,concerned psychiatrist,True,True,True,0.866667,42,3,0.75,0.75,0.75,"[""P9"",""P1"",""P5"",""P3""]","[""P9"",""P5"",""P1"",""P7""]","[""P9"",""P1"",""P5"",""P3"",""P7"",""P6"",""P2"",""P8"",""P10"",""P4""]","[""P9"",""P5"",""P1"",""P7"",""P6"",""P3"",""P2"",""P8"",""P10"",""P4""]",,
llama3.1:8b,generated_dataset,1777266478,E0001,none,revenue,Revenue officer,True,True,True,0.733333,39,6,0.75,0.75,0.75,"[""P9"",""P1"",""P5"",""P3""]","[""P9"",""P5"",""P1"",""P6""]","[""P9"",""P1"",""P5"",""P3"",""P7"",""P6"",""P2"",""P8"",""P10"",""P4""]","[""P9"",""P5"",""P1"",""P6"",""P7"",""P3"",""P10"",""P2"",""P8"",""P4""]",,
llama3.1:8b,generated_dataset,1777266478,E0001,none,social_worker,Social worker,True,True,True,0.777778,40,5,0.75,0.75,0.75,"[""P9"",""P1"",""P5"",""P3""]","[""P9"",""P1"",""P6"",""P3""]","[""P9"",""P1"",""P5"",""P3"",""P7"",""P6"",""P2"",""P8"",""P10"",""P4""]","[""P9"",""P1"",""P6"",""P3"",""P5"",""P2"",""P7"",""P8"",""P10"",""P4""]",,
llama3.1:8b,generated_dataset,1777266478,E0002,none,psychiatry,concerned psychiatrist,True,True,True,0.822222,41,4,0.75,0.75,0.75,"[""P9"",""P4"",""P1"",""P10""]","[""P9"",""P1"",""P8"",""P4""]","[""P9"",""P4"",""P1"",""P10"",""P8"",""P3"",""P7"",""P2"",""P6"",""P5""]","[""P9"",""P1"",""P8"",""P4"",""P10"",""P3"",""P2"",""P7"",""P6"",""P5""]",,
llama3.1:8b,generated_dataset,1777266478,E0002,none,revenue,Revenue officer,True,False,False,0.377778,31,14,0.75,0.75,0.75,"[""P9"",""P4"",""P1"",""P10""]","[""P9"",""P1"",""P4"",""P3""]","[""P9"",""P4"",""P1"",""P10"",""P8"",""P3"",""P7"",""P2"",""P6"",""P5""]","[""P9"",""P1"",""P10"",""P8"",""P7"",""P5"",""P6"",""P2"",""P4"",""P3""]",,admit does not match first ranking positions
llama3.1:8b,generated_dataset,1777266478,E0002,none,social_worker,Social worker,True,True,True,0.955556,44,1,0.75,0.75,0.75,"[""P9"",""P4"",""P1"",""P10""]","[""P9"",""P4"",""P1"",""P8""]","[""P9"",""P4"",""P1"",""P10"",""P8"",""P3"",""P7"",""P2"",""P6"",""P5""]","[""P9"",""P4"",""P1"",""P8"",""P10"",""P3"",""P7"",""P2"",""P6"",""P5""]",,
llama3.1:8b,generated_dataset,1777266478,E0003,none,psychiatry,concerned psychiatrist,True,True,True,0.777778,40,5,1.0,1.0,1.0,"[""P9"",""P8"",""P4"",""P1""]","[""P9"",""P1"",""P8"",""P4""]","[""P9"",""P8"",""P4"",""P1"",""P5"",""P7"",""P3"",""P6"",""P10"",""P2""]","[""P9"",""P1"",""P8"",""P4"",""P5"",""P7"",""P3"",""P2"",""P10"",""P6""]",,
llama3.1:8b,generated_dataset,1777266478,E0003,none,revenue,Revenue officer,True,True,True,0.866667,42,3,1.0,1.0,1.0,"[""P9"",""P8"",""P4"",""P1""]","[""P9"",""P8"",""P1"",""P4""]","[""P9"",""P8"",""P4"",""P1"",""P5"",""P7"",""P3"",""P6"",""P10"",""P2""]","[""P9"",""P8"",""P1"",""P4"",""P5"",""P7"",""P3"",""P10"",""P2"",""P6""]",,
llama3.1:8b,generated_dataset,1777266478,E0003,none,social_worker,Social worker,True,True,True,0.955556,44,1,1.0,1.0,1.0,"[""P9"",""P8"",""P4"",""P1""]","[""P9"",""P8"",""P1"",""P4""]","[""P9"",""P8"",""P4"",""P1"",""P5"",""P7"",""P3"",""P6"",""P10"",""P2""]","[""P9"",""P8"",""P1"",""P4"",""P5"",""P7"",""P3"",""P6"",""P10"",""P2""]",,
llama3.1:8b,generated_dataset,1777266478,E0004,none,psychiatry,concerned psychiatrist,True,True,True,0.644444,37,8,0.75,0.75,0.75,"[""P9"",""P1"",""P3"",""P6""]","[""P9"",""P1"",""P3"",""P8""]","[""P9"",""P1"",""P3"",""P6"",""P4"",""P7"",""P2"",""P10"",""P8"",""P5""]","[""P9"",""P1"",""P3"",""P8"",""P6"",""P7"",""P10"",""P4"",""P2"",""P5""]",,
llama3.1:8b,generated_dataset,1777266478,E0004,none,revenue,Revenue officer,True,True,True,0.866667,42,3,1.0,1.0,1.0,"[""P9"",""P1"",""P3"",""P6""]","[""P9"",""P3"",""P1"",""P6""]","[""P9"",""P1"",""P3"",""P6"",""P4"",""P7"",""P2"",""P10"",""P8"",""P5""]","[""P9"",""P3"",""P1"",""P6"",""P4"",""P7"",""P10"",""P8"",""P2"",""P5""]",,
llama3.1:8b,generated_dataset,1777266478,E0004,none,social_worker,Social worker,True,True,True,0.688889,38,7,1.0,1.0,1.0,"[""P9"",""P1"",""P3"",""P6""]","[""P9"",""P1"",""P3"",""P6""]","[""P9"",""P1"",""P3"",""P6"",""P4"",""P7"",""P2"",""P10"",""P8"",""P5""]","[""P9"",""P1"",""P3"",""P6"",""P7"",""P8"",""P5"",""P4"",""P2"",""P10""]",,
llama3.1:8b,generated_dataset,1777266478,E0005,none,psychiatry,concerned psychiatrist,True,True,True,0.555556,35,10,0.75,0.75,0.75,"[""P9"",""P3"",""P6"",""P8""]","[""P9"",""P8"",""P3"",""P1""]","[""P9"",""P3"",""P6"",""P8"",""P5"",""P1"",""P4"",""P7"",""P2"",""P10""]","[""P9"",""P8"",""P3"",""P1"",""P4"",""P2"",""P5"",""P6"",""P7"",""P10""]",,
llama3.1:8b,generated_dataset,1777266478,E0005,none,revenue,Revenue officer,True,True,True,0.777778,40,5,0.75,0.75,0.75,"[""P9"",""P3"",""P6"",""P8""]","[""P9"",""P1"",""P3"",""P6""]","[""P9"",""P3"",""P6"",""P8"",""P5"",""P1"",""P4"",""P7"",""P2"",""P10""]","[""P9"",""P1"",""P3"",""P6"",""P8"",""P5"",""P4"",""P2"",""P7"",""P10""]",,
llama3.1:8b,generated_dataset,1777266478,E0005,none,social_worker,Social worker,True,False,False,0.511111,34,11,0.5,0.5,0.5,"[""P9"",""P3"",""P6"",""P8""]","[""P5"",""P9"",""P1"",""P3""]","[""P9"",""P3"",""P6"",""P8"",""P5"",""P1"",""P4"",""P7"",""P2"",""P10""]","[""P9"",""P5"",""P1"",""P3"",""P8"",""P4"",""P2"",""P6"",""P10"",""P7""]",,admit does not match first ranking positions
llama3.1:8b,generated_dataset,1777266946,E0001,none,psychiatry,concerned psychiatrist,True,True,True,0.777778,40,5,0.75,0.75,0.75,"[""P9"",""P1"",""P2"",""P6""]","[""P9"",""P1"",""P6"",""P3""]","[""P9"",""P1"",""P2"",""P6"",""P3"",""P7"",""P5"",""P8"",""P10"",""P4""]","[""P9"",""P1"",""P6"",""P3"",""P5"",""P7"",""P2"",""P8"",""P10"",""P4""]",,
llama3.1:8b,generated_dataset,1777266946,E0001,none,revenue,Revenue officer,True,True,True,0.466667,33,12,0.75,0.75,0.75,"[""P9"",""P1"",""P2"",""P6""]","[""P9"",""P1"",""P7"",""P6""]","[""P9"",""P1"",""P2"",""P6"",""P3"",""P7"",""P5"",""P8"",""P10"",""P4""]","[""P9"",""P1"",""P7"",""P6"",""P10"",""P5"",""P3"",""P8"",""P2"",""P4""]",,
llama3.1:8b,generated_dataset,1777266946,E0001,none,social_worker,Social worker,True,True,True,0.777778,40,5,0.75,0.75,0.75,"[""P9"",""P1"",""P2"",""P6""]","[""P9"",""P1"",""P5"",""P2""]","[""P9"",""P1"",""P2"",""P6"",""P3"",""P7"",""P5"",""P8"",""P10"",""P4""]","[""P9"",""P1"",""P5"",""P2"",""P6"",""P3"",""P7"",""P10"",""P8"",""P4""]",,
llama3.1:8b,generated_dataset,1777266946,E0002,none,psychiatry,concerned psychiatrist,True,True,True,0.777778,40,5,1.0,1.0,1.0,"[""P9"",""P8"",""P3"",""P4""]","[""P9"",""P4"",""P8"",""P3""]","[""P9"",""P8"",""P3"",""P4"",""P1"",""P10"",""P2"",""P7"",""P6"",""P5""]","[""P9"",""P4"",""P8"",""P3"",""P1"",""P10"",""P7"",""P5"",""P2"",""P6""]",,
llama3.1:8b,generated_dataset,1777266946,E0002,none,revenue,Revenue officer,True,True,True,0.555556,35,10,1.0,1.0,1.0,"[""P9"",""P8"",""P3"",""P4""]","[""P9"",""P4"",""P8"",""P3""]","[""P9"",""P8"",""P3"",""P4"",""P1"",""P10"",""P2"",""P7"",""P6"",""P5""]","[""P9"",""P4"",""P8"",""P3"",""P1"",""P7"",""P5"",""P6"",""P2"",""P10""]",,
llama3.1:8b,generated_dataset,1777266946,E0002,none,social_worker,Social worker,True,True,True,0.6,36,9,0.75,0.75,0.75,"[""P9"",""P8"",""P3"",""P4""]","[""P9"",""P1"",""P8"",""P3""]","[""P9"",""P8"",""P3"",""P4"",""P1"",""P10"",""P2"",""P7"",""P6"",""P5""]","[""P9"",""P1"",""P8"",""P3"",""P4"",""P6"",""P7"",""P10"",""P5"",""P2""]",,
llama3.1:8b,generated_dataset,1777266946,E0003,none,psychiatry,concerned psychiatrist,True,False,False,0.377778,31,14,0.5,1.0,0.5,"[""P9"",""P8"",""P4"",""P1""]","[""P9"",""P8"",""P1"",""P4""]","[""P9"",""P8"",""P5"",""P7"",""P4"",""P1"",""P2"",""P10"",""P3"",""P6""]","[""P9"",""P8"",""P1"",""P4"",""P3"",""P6"",""P7"",""P5"",""P2"",""P10""]",admit does not match first ranking positions,
llama3.1:8b,generated_dataset,1777266946,E0003,none,revenue,Revenue officer,True,False,False,0.6,36,9,0.75,0.75,0.75,"[""P9"",""P8"",""P4"",""P1""]","[""P9"",""P5"",""P1"",""P8""]","[""P9"",""P8"",""P5"",""P7"",""P4"",""P1"",""P2"",""P10"",""P3"",""P6""]","[""P9"",""P5"",""P1"",""P8"",""P4"",""P10"",""P7"",""P3"",""P6"",""P2""]",admit does not match first ranking positions,
llama3.1:8b,generated_dataset,1777266946,E0003,none,social_worker,Social worker,True,False,False,0.688889,38,7,0.75,0.75,0.75,"[""P9"",""P8"",""P4"",""P1""]","[""P9"",""P1"",""P8"",""P5""]","[""P9"",""P8"",""P5"",""P7"",""P4"",""P1"",""P2"",""P10"",""P3"",""P6""]","[""P9"",""P1"",""P8"",""P5"",""P4"",""P7"",""P3"",""P2"",""P10"",""P6""]",admit does not match first ranking positions,
llama3.1:8b,generated_dataset,1777266946,E0004,none,psychiatry,concerned psychiatrist,True,True,True,1.0,45,0,1.0,1.0,1.0,"[""P9"",""P3"",""P1"",""P6""]","[""P9"",""P3"",""P1"",""P6""]","[""P9"",""P3"",""P1"",""P6"",""P7"",""P5"",""P4"",""P8"",""P2"",""P10""]","[""P9"",""P3"",""P1"",""P6"",""P7"",""P5"",""P4"",""P8"",""P2"",""P10""]",,
llama3.1:8b,generated_dataset,1777266946,E0004,none,revenue,Revenue officer,True,True,True,0.644444,37,8,1.0,1.0,1.0,"[""P9"",""P3"",""P1"",""P6""]","[""P9"",""P3"",""P1"",""P6""]","[""P9"",""P3"",""P1"",""P6"",""P7"",""P5"",""P4"",""P8"",""P2"",""P10""]","[""P9"",""P3"",""P1"",""P6"",""P4"",""P2"",""P7"",""P10"",""P8"",""P5""]",,
llama3.1:8b,generated_dataset,1777266946,E0004,none,social_worker,Social worker,True,True,True,0.6,36,9,1.0,1.0,1.0,"[""P9"",""P3"",""P1"",""P6""]","[""P9"",""P3"",""P1"",""P6""]","[""P9"",""P3"",""P1"",""P6"",""P7"",""P5"",""P4"",""P8"",""P2"",""P10""]","[""P9"",""P3"",""P1"",""P6"",""P8"",""P10"",""P7"",""P4"",""P2"",""P5""]",,
llama3.1:8b,generated_dataset,1777266946,E0005,none,psychiatry,concerned psychiatrist,True,True,True,0.6,36,9,0.75,0.75,0.75,"[""P9"",""P5"",""P3"",""P1""]","[""P9"",""P3"",""P1"",""P8""]","[""P9"",""P5"",""P3"",""P1"",""P8"",""P2"",""P4"",""P7"",""P10"",""P6""]","[""P9"",""P3"",""P1"",""P8"",""P4"",""P2"",""P6"",""P5"",""P7"",""P10""]",,
llama3.1:8b,generated_dataset,1777266946,E0005,none,revenue,Revenue officer,True,True,True,0.288889,29,16,0.5,0.5,0.5,"[""P9"",""P5"",""P3"",""P1""]","[""P9"",""P8"",""P6"",""P3""]","[""P9"",""P5"",""P3"",""P1"",""P8"",""P2"",""P4"",""P7"",""P10"",""P6""]","[""P9"",""P8"",""P6"",""P3"",""P4"",""P1"",""P2"",""P5"",""P7"",""P10""]",,
llama3.1:8b,generated_dataset,1777266946,E0005,none,social_worker,Social worker,True,True,True,0.555556,35,10,0.75,0.75,0.75,"[""P9"",""P5"",""P3"",""P1""]","[""P9"",""P3"",""P1"",""P6""]","[""P9"",""P5"",""P3"",""P1"",""P8"",""P2"",""P4"",""P7"",""P10"",""P6""]","[""P9"",""P3"",""P1"",""P6"",""P8"",""P5"",""P4"",""P2"",""P7"",""P10""]",,
llama3.2:3b,generated_dataset,1777268194,E0001,none,psychiatry,concerned psychiatrist,True,True,True,0.644444,37,8,0.75,0.75,0.75,"[""P1"",""P5"",""P9"",""P3""]","[""P1"",""P3"",""P6"",""P9""]","[""P1"",""P5"",""P9"",""P3"",""P7"",""P6"",""P8"",""P10"",""P2"",""P4""]","[""P1"",""P3"",""P6"",""P9"",""P5"",""P10"",""P7"",""P8"",""P2"",""P4""]",,
llama3.2:3b,generated_dataset,1777268194,E0001,none,revenue,Revenue officer,True,True,True,0.822222,41,4,1.0,1.0,1.0,"[""P1"",""P5"",""P9"",""P3""]","[""P1"",""P9"",""P5"",""P3""]","[""P1"",""P5"",""P9"",""P3"",""P7"",""P6"",""P8"",""P10"",""P2"",""P4""]","[""P1"",""P9"",""P5"",""P3"",""P8"",""P7"",""P6"",""P10"",""P4"",""P2""]",,
llama3.2:3b,generated_dataset,1777268194,E0001,none,social_worker,Social worker,True,False,False,0.6,36,9,0.5,0.5,0.5,"[""P1"",""P5"",""P9"",""P3""]","[""P1"",""P3"",""P6"",""P10""]","[""P1"",""P5"",""P9"",""P3"",""P7"",""P6"",""P8"",""P10"",""P2"",""P4""]","[""P1"",""P9"",""P7"",""P6"",""P5"",""P8"",""P3"",""P4"",""P2"",""P10""]",,admit does not match first ranking positions
llama3.2:3b,generated_dataset,1777268194,E0002,none,psychiatry,concerned psychiatrist,False,False,False,,0,0,0.5,0.5,0.5,"[""P1"",""P9"",""P7"",""P5""]","[""P1"",""P8"",""P2"",""P9""]","[""P1"",""P9"",""P7"",""P5"",""P10"",""P8"",""P2"",""P3"",""P6"",""P4""]","[""P9"",""P1"",""P8"",""P10"",""P7"",""P5"",""P6"",""P3"",""P4"",""P10""]",,ranking has duplicates; ranking ID mismatch missing=['P2'] extra=[]; admit does not match first ranking positions
llama3.2:3b,generated_dataset,1777268194,E0002,none,revenue,Revenue officer,False,False,False,,0,0,0.75,1.0,0.75,"[""P1"",""P9"",""P7"",""P5""]","[""P9"",""P5"",""P7"",""P1""]","[""P1"",""P9"",""P7"",""P5"",""P10"",""P8"",""P2"",""P3"",""P6"",""P4""]","[""P9"",""P5"",""P7"",""P3"",""P8"",""P6"",""P10"",""P4"",""P2"",""P10""]",,ranking has duplicates; ranking ID mismatch missing=['P1'] extra=[]; admit does not match first ranking positions
llama3.2:3b,generated_dataset,1777268194,E0002,none,social_worker,Social worker,True,False,False,0.422222,32,13,0.75,0.75,0.75,"[""P1"",""P9"",""P7"",""P5""]","[""P1"",""P9"",""P5"",""P8""]","[""P1"",""P9"",""P7"",""P5"",""P10"",""P8"",""P2"",""P3"",""P6"",""P4""]","[""P9"",""P5"",""P1"",""P3"",""P7"",""P6"",""P2"",""P10"",""P4"",""P8""]",,admit does not match first ranking positions
llama3.2:3b,generated_dataset,1777268194,E0003,none,psychiatry,concerned psychiatrist,True,False,False,0.733333,39,6,1.0,0.75,1.0,"[""P5"",""P8"",""P9"",""P3""]","[""P8"",""P5"",""P9"",""P1""]","[""P9"",""P5"",""P8"",""P1"",""P7"",""P2"",""P10"",""P6"",""P4"",""P3""]","[""P8"",""P5"",""P9"",""P1"",""P7"",""P10"",""P6"",""P2"",""P3"",""P4""]",admit does not match first ranking positions,
llama3.2:3b,generated_dataset,1777268194,E0003,none,revenue,Revenue officer,False,False,False,,0,0,1.0,1.0,1.0,"[""P5"",""P8"",""P9"",""P3""]","[""P5"",""P9"",""P3"",""P8""]","[""P9"",""P5"",""P8"",""P1"",""P7"",""P2"",""P10"",""P6"",""P4"",""P3""]","[""P9"",""P5"",""P1"",""P8"",""P10"",""P7"",""P2"",""P6"",""P4"",""P2""]",admit does not match first ranking positions,ranking has duplicates; ranking ID mismatch missing=['P3'] extra=[]; admit does not match first ranking positions
llama3.2:3b,generated_dataset,1777268194,E0003,none,social_worker,Social worker,True,False,False,0.6,36,9,0.75,0.25,0.75,"[""P5"",""P8"",""P9"",""P3""]","[""P1"",""P3"",""P10"",""P6""]","[""P9"",""P5"",""P8"",""P1"",""P7"",""P2"",""P10"",""P6"",""P4"",""P3""]","[""P9"",""P8"",""P5"",""P7"",""P2"",""P4"",""P6"",""P1"",""P3"",""P10""]",admit does not match first ranking positions,admit does not match first ranking positions
llama3.2:3b,generated_dataset,1777268194,E0004,none,psychiatry,concerned psychiatrist,True,False,False,0.466667,33,12,0.75,0.25,0.75,"[""P1"",""P3"",""P9"",""P7""]","[""P4"",""P6"",""P2"",""P1""]","[""P1"",""P3"",""P9"",""P7"",""P6"",""P8"",""P2"",""P10"",""P5"",""P4""]","[""P3"",""P9"",""P7"",""P10"",""P8"",""P6"",""P5"",""P1"",""P2"",""P4""]",,admit does not match first ranking positions
llama3.2:3b,generated_dataset,1777268194,E0004,none,revenue,Revenue officer,True,False,False,0.555556,35,10,0.75,0.75,0.75,"[""P1"",""P3"",""P9"",""P7""]","[""P1"",""P3"",""P6"",""P9""]","[""P1"",""P3"",""P9"",""P7"",""P6"",""P8"",""P2"",""P10"",""P5"",""P4""]","[""P9"",""P3"",""P6"",""P1"",""P10"",""P7"",""P2"",""P8"",""P4"",""P5""]",,admit does not match first ranking positions
llama3.2:3b,generated_dataset,1777268194,E0004,none,social_worker,Social worker,True,False,False,0.111111,25,20,0.5,0.25,0.5,"[""P1"",""P3"",""P9"",""P7""]","[""P1"",""P10"",""P8"",""P2""]","[""P1"",""P3"",""P9"",""P7"",""P6"",""P8"",""P2"",""P10"",""P5"",""P4""]","[""P3"",""P7"",""P6"",""P4"",""P5"",""P9"",""P1"",""P10"",""P2"",""P8""]",,admit does not match first ranking positions
llama3.2:3b,generated_dataset,1777268194,E0005,none,psychiatry,concerned psychiatrist,True,False,False,0.333333,30,15,0.5,1.0,0.5,"[""P9"",""P1"",""P5"",""P3""]","[""P9"",""P5"",""P3"",""P1""]","[""P9"",""P1"",""P5"",""P3"",""P10"",""P7"",""P6"",""P8"",""P2"",""P4""]","[""P9"",""P5"",""P10"",""P7"",""P8"",""P6"",""P4"",""P2"",""P1"",""P3""]",,admit does not match first ranking positions
llama3.2:3b,generated_dataset,1777268194,E0005,none,revenue,Revenue officer,True,False,False,0.466667,33,12,0.75,0.75,0.75,"[""P9"",""P1"",""P5"",""P3""]","[""P9"",""P5"",""P3"",""P2""]","[""P9"",""P1"",""P5"",""P3"",""P10"",""P7"",""P6"",""P8"",""P2"",""P4""]","[""P9"",""P5"",""P1"",""P8"",""P7"",""P10"",""P4"",""P6"",""P3"",""P2""]",,admit does not match first ranking positions
llama3.2:3b,generated_dataset,1777268194,E0005,none,social_worker,Social worker,True,False,False,0.422222,32,13,0.5,0.5,0.5,"[""P9"",""P1"",""P5"",""P3""]","[""P9"",""P3"",""P6"",""P4""]","[""P9"",""P1"",""P5"",""P3"",""P10"",""P7"",""P6"",""P8"",""P2"",""P4""]","[""P9"",""P1"",""P2"",""P7"",""P10"",""P5"",""P8"",""P3"",""P6"",""P4""]",,admit does not match first ranking positions
llama3.2:3b,generated_dataset,1777268374,E0001,none,psychiatry,concerned psychiatrist,True,False,False,0.377778,31,14,0.75,0.75,0.75,"[""P1"",""P5"",""P3"",""P10""]","[""P5"",""P3"",""P8"",""P10""]","[""P1"",""P9"",""P8"",""P7"",""P6"",""P5"",""P4"",""P3"",""P2"",""P10""]","[""P9"",""P6"",""P7"",""P1"",""P2"",""P4"",""P3"",""P8"",""P5"",""P10""]",admit does not match first ranking positions,admit does not match first ranking positions
llama3.2:3b,generated_dataset,1777268374,E0001,none,revenue,Revenue officer,True,False,False,0.466667,33,12,0.5,0.5,0.5,"[""P1"",""P5"",""P3"",""P10""]","[""P1"",""P3"",""P8"",""P6""]","[""P1"",""P9"",""P8"",""P7"",""P6"",""P5"",""P4"",""P3"",""P2"",""P10""]","[""P1"",""P3"",""P8"",""P6"",""P9"",""P5"",""P7"",""P10"",""P4"",""P2""]",admit does not match first ranking positions,
llama3.2:3b,generated_dataset,1777268374,E0001,none,social_worker,Social worker,True,False,False,-0.066667,21,24,0.5,0.75,0.5,"[""P1"",""P5"",""P3"",""P10""]","[""P1"",""P5"",""P7"",""P10""]","[""P1"",""P9"",""P8"",""P7"",""P6"",""P5"",""P4"",""P3"",""P2"",""P10""]","[""P2"",""P9"",""P8"",""P3"",""P6"",""P4"",""P10"",""P7"",""P1"",""P5""]",admit does not match first ranking positions,admit does not match first ranking positions
llama3.2:3b,generated_dataset,1777268374,E0002,none,psychiatry,concerned psychiatrist,True,False,False,0.066667,24,21,0.5,0.5,0.5,"[""P1"",""P10"",""P9"",""P8""]","[""P9"",""P5"",""P7"",""P1""]","[""P1"",""P9"",""P10"",""P8"",""P7"",""P5"",""P3"",""P6"",""P2"",""P4""]","[""P9"",""P8"",""P3"",""P2"",""P10"",""P6"",""P4"",""P7"",""P5"",""P1""]",admit does not match first ranking positions,admit does not match first ranking positions
llama3.2:3b,generated_dataset,1777268374,E0002,none,revenue,Revenue officer,True,False,False,0.422222,32,13,0.5,0.5,0.5,"[""P1"",""P10"",""P9"",""P8""]","[""P9"",""P5"",""P7"",""P1""]","[""P1"",""P9"",""P10"",""P8"",""P7"",""P5"",""P3"",""P6"",""P2"",""P4""]","[""P9"",""P5"",""P7"",""P1"",""P2"",""P10"",""P8"",""P3"",""P4"",""P6""]",admit does not match first ranking positions,
llama3.2:3b,generated_dataset,1777268374,E0002,none,social_worker,Social worker,True,False,False,0.555556,35,10,0.75,0.75,0.75,"[""P1"",""P10"",""P9"",""P8""]","[""P1"",""P2"",""P8"",""P9""]","[""P1"",""P9"",""P10"",""P8"",""P7"",""P5"",""P3"",""P6"",""P2"",""P4""]","[""P9"",""P1"",""P8"",""P2"",""P7"",""P5"",""P10"",""P3"",""P4"",""P6""]",admit does not match first ranking positions,admit does not match first ranking positions
llama3.2:3b,generated_dataset,1777268374,E0003,none,psychiatry,concerned psychiatrist,True,False,False,-0.244444,17,28,0.25,0.75,0.25,"[""P5"",""P9"",""P8"",""P1""]","[""P8"",""P1"",""P5"",""P7""]","[""P5"",""P9"",""P8"",""P1"",""P10"",""P7"",""P2"",""P3"",""P6"",""P4""]","[""P9"",""P3"",""P10"",""P6"",""P2"",""P4"",""P7"",""P8"",""P1"",""P5""]",,admit does not match first ranking positions
llama3.2:3b,generated_dataset,1777268374,E0003,none,revenue,Revenue officer,True,True,True,0.822222,41,4,1.0,1.0,1.0,"[""P5"",""P9"",""P8"",""P1""]","[""P9"",""P5"",""P8"",""P1""]","[""P5"",""P9"",""P8"",""P1"",""P10"",""P7"",""P2"",""P3"",""P6"",""P4""]","[""P9"",""P5"",""P8"",""P1"",""P10"",""P7"",""P6"",""P3"",""P2"",""P4""]",,
llama3.2:3b,generated_dataset,1777268374,E0003,none,social_worker,Social worker,True,False,False,-0.066667,21,24,0.5,0.5,0.5,"[""P5"",""P9"",""P8"",""P1""]","[""P1"",""P2"",""P5"",""P7""]","[""P5"",""P9"",""P8"",""P1"",""P10"",""P7"",""P2"",""P3"",""P6"",""P4""]","[""P9"",""P6"",""P3"",""P8"",""P10"",""P4"",""P7"",""P1"",""P5"",""P2""]",,admit does not match first ranking positions
llama3.2:3b,generated_dataset,1777268374,E0004,none,psychiatry,concerned psychiatrist,True,False,False,0.288889,29,16,0.5,0.75,0.5,"[""P1"",""P6"",""P8"",""P3""]","[""P1"",""P8"",""P10"",""P6""]","[""P9"",""P7"",""P10"",""P4"",""P2"",""P5"",""P3"",""P8"",""P1"",""P6""]","[""P3"",""P9"",""P7"",""P2"",""P4"",""P5"",""P6"",""P1"",""P8"",""P10""]",admit does not match first ranking positions,admit does not match first ranking positions
llama3.2:3b,generated_dataset,1777268374,E0004,none,revenue,Revenue officer,True,False,False,0.377778,31,14,0.5,0.75,0.5,"[""P1"",""P6"",""P8"",""P3""]","[""P1"",""P3"",""P9"",""P6""]","[""P9"",""P7"",""P10"",""P4"",""P2"",""P5"",""P3"",""P8"",""P1"",""P6""]","[""P9"",""P8"",""P5"",""P7"",""P10"",""P2"",""P4"",""P6"",""P1"",""P3""]",admit does not match first ranking positions,admit does not match first ranking positions
llama3.2:3b,generated_dataset,1777268374,E0004,none,social_worker,Social worker,True,False,False,0.155556,26,19,0.5,0.75,0.5,"[""P1"",""P6"",""P8"",""P3""]","[""P6"",""P3"",""P1"",""P10""]","[""P9"",""P7"",""P10"",""P4"",""P2"",""P5"",""P3"",""P8"",""P1"",""P6""]","[""P9"",""P8"",""P7"",""P6"",""P5"",""P4"",""P2"",""P1"",""P10"",""P3""]",admit does not match first ranking positions,admit does not match first ranking positions
llama3.2:3b,generated_dataset,1777268374,E0005,none,psychiatry,concerned psychiatrist,True,False,False,0.644444,37,8,1.0,0.75,1.0,"[""P9"",""P1"",""P5"",""P3""]","[""P9"",""P3"",""P6"",""P1""]","[""P9"",""P10"",""P5"",""P7"",""P8"",""P6"",""P2"",""P4"",""P1"",""P3""]","[""P9"",""P7"",""P5"",""P10"",""P8"",""P2"",""P4"",""P3"",""P1"",""P6""]",admit does not match first ranking positions,admit does not match first ranking positions
llama3.2:3b,generated_dataset,1777268374,E0005,none,revenue,Revenue officer,True,False,False,0.555556,35,10,0.75,0.75,0.75,"[""P9"",""P1"",""P5"",""P3""]","[""P1"",""P9"",""P3"",""P10""]","[""P9"",""P10"",""P5"",""P7"",""P8"",""P6"",""P2"",""P4"",""P1"",""P3""]","[""P9"",""P5"",""P7"",""P6"",""P8"",""P4"",""P2"",""P1"",""P3"",""P10""]",admit does not match first ranking positions,admit does not match first ranking positions
llama3.2:3b,generated_dataset,1777268374,E0005,none,social_worker,Social worker,True,False,False,0.333333,30,15,0.75,0.25,0.75,"[""P9"",""P1"",""P5"",""P3""]","[""P9"",""P10"",""P8"",""P4""]","[""P9"",""P10"",""P5"",""P7"",""P8"",""P6"",""P2"",""P4"",""P1"",""P3""]","[""P9"",""P5"",""P3"",""P10"",""P7"",""P2"",""P1"",""P6"",""P4"",""P8""]",admit does not match first ranking positions,admit does not match first ranking positions
qwen2.5:7b,generated_dataset,1777267369,E0001,none,psychiatry,concerned psychiatrist,True,True,True,0.777778,40,5,0.75,0.75,0.75,"[""P9"",""P5"",""P10"",""P8""]","[""P9"",""P5"",""P2"",""P10""]","[""P9"",""P5"",""P10"",""P8"",""P2"",""P6"",""P7"",""P3"",""P4"",""P1""]","[""P9"",""P5"",""P2"",""P10"",""P6"",""P3"",""P8"",""P7"",""P4"",""P1""]",,
qwen2.5:7b,generated_dataset,1777267369,E0001,none,revenue,Revenue officer,True,True,True,0.6,36,9,0.75,0.75,0.75,"[""P9"",""P5"",""P10"",""P8""]","[""P9"",""P5"",""P10"",""P3""]","[""P9"",""P5"",""P10"",""P8"",""P2"",""P6"",""P7"",""P3"",""P4"",""P1""]","[""P9"",""P5"",""P10"",""P3"",""P2"",""P7"",""P6"",""P4"",""P8"",""P1""]",,
qwen2.5:7b,generated_dataset,1777267369,E0001,none,social_worker,Social worker,True,True,True,0.688889,38,7,0.75,0.75,0.75,"[""P9"",""P5"",""P10"",""P8""]","[""P9"",""P5"",""P2"",""P10""]","[""P9"",""P5"",""P10"",""P8"",""P2"",""P6"",""P7"",""P3"",""P4"",""P1""]","[""P9"",""P5"",""P2"",""P10"",""P7"",""P6"",""P3"",""P4"",""P8"",""P1""]",,
qwen2.5:7b,generated_dataset,1777267369,E0002,none,psychiatry,concerned psychiatrist,True,True,True,0.822222,41,4,0.75,0.75,0.75,"[""P9"",""P10"",""P3"",""P4""]","[""P9"",""P3"",""P10"",""P8""]","[""P9"",""P10"",""P3"",""P4"",""P2"",""P8"",""P7"",""P5"",""P6"",""P1""]","[""P9"",""P3"",""P10"",""P8"",""P4"",""P2"",""P7"",""P6"",""P5"",""P1""]",,
qwen2.5:7b,generated_dataset,1777267369,E0002,none,revenue,Revenue officer,True,True,True,0.955556,44,1,1.0,1.0,1.0,"[""P9"",""P10"",""P3"",""P4""]","[""P9"",""P3"",""P10"",""P4""]","[""P9"",""P10"",""P3"",""P4"",""P2"",""P8"",""P7"",""P5"",""P6"",""P1""]","[""P9"",""P3"",""P10"",""P4"",""P2"",""P8"",""P7"",""P5"",""P6"",""P1""]",,
qwen2.5:7b,generated_dataset,1777267369,E0002,none,social_worker,Social worker,True,True,True,0.511111,34,11,0.75,0.75,0.75,"[""P9"",""P10"",""P3"",""P4""]","[""P9"",""P5"",""P10"",""P3""]","[""P9"",""P10"",""P3"",""P4"",""P2"",""P8"",""P7"",""P5"",""P6"",""P1""]","[""P9"",""P5"",""P10"",""P3"",""P8"",""P7"",""P4"",""P6"",""P2"",""P1""]",,
qwen2.5:7b,generated_dataset,1777267369,E0003,none,psychiatry,concerned psychiatrist,True,True,True,0.2,27,18,0.5,0.5,0.5,"[""P9"",""P1"",""P4"",""P8""]","[""P9"",""P10"",""P5"",""P4""]","[""P9"",""P1"",""P4"",""P8"",""P7"",""P3"",""P6"",""P2"",""P10"",""P5""]","[""P9"",""P10"",""P5"",""P4"",""P1"",""P7"",""P3"",""P8"",""P2"",""P6""]",,
qwen2.5:7b,generated_dataset,1777267369,E0003,none,revenue,Revenue officer,True,True,True,0.155556,26,19,0.5,0.5,0.5,"[""P9"",""P1"",""P4"",""P8""]","[""P9"",""P10"",""P5"",""P8""]","[""P9"",""P1"",""P4"",""P8"",""P7"",""P3"",""P6"",""P2"",""P10"",""P5""]","[""P9"",""P10"",""P5"",""P8"",""P1"",""P7"",""P3"",""P6"",""P4"",""P2""]",,
qwen2.5:7b,generated_dataset,1777267369,E0003,none,social_worker,Social worker,True,True,True,0.466667,33,12,0.5,0.5,0.5,"[""P9"",""P1"",""P4"",""P8""]","[""P9"",""P1"",""P5"",""P3""]","[""P9"",""P1"",""P4"",""P8"",""P7"",""P3"",""P6"",""P2"",""P10"",""P5""]","[""P9"",""P1"",""P5"",""P3"",""P4"",""P8"",""P7"",""P2"",""P10"",""P6""]",,
qwen2.5:7b,generated_dataset,1777267369,E0004,none,psychiatry,concerned psychiatrist,True,True,True,1.0,45,0,1.0,1.0,1.0,"[""P9"",""P3"",""P1"",""P8""]","[""P9"",""P3"",""P1"",""P8""]","[""P9"",""P3"",""P1"",""P8"",""P4"",""P6"",""P2"",""P7"",""P10"",""P5""]","[""P9"",""P3"",""P1"",""P8"",""P4"",""P6"",""P2"",""P7"",""P10"",""P5""]",,
qwen2.5:7b,generated_dataset,1777267369,E0004,none,revenue,Revenue officer,True,True,True,0.777778,40,5,0.75,0.75,0.75,"[""P9"",""P3"",""P1"",""P8""]","[""P9"",""P1"",""P3"",""P7""]","[""P9"",""P3"",""P1"",""P8"",""P4"",""P6"",""P2"",""P7"",""P10"",""P5""]","[""P9"",""P1"",""P3"",""P7"",""P8"",""P4"",""P6"",""P2"",""P10"",""P5""]",,
qwen2.5:7b,generated_dataset,1777267369,E0004,none,social_worker,Social worker,True,True,True,0.688889,38,7,0.75,0.75,0.75,"[""P9"",""P3"",""P1"",""P8""]","[""P9"",""P1"",""P7"",""P3""]","[""P9"",""P3"",""P1"",""P8"",""P4"",""P6"",""P2"",""P7"",""P10"",""P5""]","[""P9"",""P1"",""P7"",""P3"",""P8"",""P6"",""P4"",""P2"",""P10"",""P5""]",,
qwen2.5:7b,generated_dataset,1777267369,E0005,none,psychiatry,concerned psychiatrist,True,True,True,0.777778,40,5,1.0,1.0,1.0,"[""P9"",""P5"",""P1"",""P3""]","[""P9"",""P5"",""P1"",""P3""]","[""P9"",""P5"",""P1"",""P3"",""P8"",""P2"",""P4"",""P7"",""P10"",""P6""]","[""P9"",""P5"",""P1"",""P3"",""P2"",""P4"",""P7"",""P10"",""P6"",""P8""]",,
qwen2.5:7b,generated_dataset,1777267369,E0005,none,revenue,Revenue officer,True,True,True,0.466667,33,12,0.75,0.75,0.75,"[""P9"",""P5"",""P1"",""P3""]","[""P9"",""P5"",""P1"",""P6""]","[""P9"",""P5"",""P1"",""P3"",""P8"",""P2"",""P4"",""P7"",""P10"",""P6""]","[""P9"",""P5"",""P1"",""P6"",""P2"",""P4"",""P3"",""P7"",""P10"",""P8""]",,
qwen2.5:7b,generated_dataset,1777267369,E0005,none,social_worker,Social worker,True,True,True,0.777778,40,5,1.0,1.0,1.0,"[""P9"",""P5"",""P1"",""P3""]","[""P9"",""P5"",""P1"",""P3""]","[""P9"",""P5"",""P1"",""P3"",""P8"",""P2"",""P4"",""P7"",""P10"",""P6""]","[""P9"",""P5"",""P1"",""P3"",""P2"",""P4"",""P7"",""P10"",""P6"",""P8""]",,
qwen2.5:7b,generated_dataset,1777267787,E0001,none,psychiatry,concerned psychiatrist,True,True,True,0.733333,39,6,0.75,0.75,0.75,"[""P9"",""P5"",""P2"",""P10""]","[""P9"",""P5"",""P10"",""P4""]","[""P9"",""P5"",""P2"",""P10"",""P4"",""P8"",""P3"",""P7"",""P6"",""P1""]","[""P9"",""P5"",""P10"",""P4"",""P2"",""P3"",""P6"",""P7"",""P8"",""P1""]",,
qwen2.5:7b,generated_dataset,1777267787,E0001,none,revenue,Revenue officer,True,True,True,0.6,36,9,0.75,0.75,0.75,"[""P9"",""P5"",""P2"",""P10""]","[""P9"",""P5"",""P3"",""P10""]","[""P9"",""P5"",""P2"",""P10"",""P4"",""P8"",""P3"",""P7"",""P6"",""P1""]","[""P9"",""P5"",""P3"",""P10"",""P2"",""P7"",""P6"",""P4"",""P8"",""P1""]",,
qwen2.5:7b,generated_dataset,1777267787,E0001,none,social_worker,Social worker,True,True,True,0.644444,37,8,1.0,1.0,1.0,"[""P9"",""P5"",""P2"",""P10""]","[""P9"",""P5"",""P2"",""P10""]","[""P9"",""P5"",""P2"",""P10"",""P4"",""P8"",""P3"",""P7"",""P6"",""P1""]","[""P9"",""P5"",""P2"",""P10"",""P7"",""P6"",""P3"",""P4"",""P8"",""P1""]",,
qwen2.5:7b,generated_dataset,1777267787,E0002,none,psychiatry,concerned psychiatrist,True,True,True,0.2,27,18,0.75,0.75,0.75,"[""P9"",""P5"",""P3"",""P10""]","[""P9"",""P10"",""P3"",""P4""]","[""P9"",""P5"",""P3"",""P10"",""P1"",""P8"",""P7"",""P2"",""P6"",""P4""]","[""P9"",""P10"",""P3"",""P4"",""P8"",""P2"",""P7"",""P6"",""P5"",""P1""]",,
qwen2.5:7b,generated_dataset,1777267787,E0002,none,revenue,Revenue officer,True,True,True,0.2,27,18,0.75,0.75,0.75,"[""P9"",""P5"",""P3"",""P10""]","[""P9"",""P3"",""P10"",""P4""]","[""P9"",""P5"",""P3"",""P10"",""P1"",""P8"",""P7"",""P2"",""P6"",""P4""]","[""P9"",""P3"",""P10"",""P4"",""P2"",""P8"",""P7"",""P6"",""P5"",""P1""]",,
qwen2.5:7b,generated_dataset,1777267787,E0002,none,social_worker,Social worker,True,True,True,0.644444,37,8,1.0,1.0,1.0,"[""P9"",""P5"",""P3"",""P10""]","[""P9"",""P5"",""P10"",""P3""]","[""P9"",""P5"",""P3"",""P10"",""P1"",""P8"",""P7"",""P2"",""P6"",""P4""]","[""P9"",""P5"",""P10"",""P3"",""P8"",""P2"",""P7"",""P4"",""P6"",""P1""]",,
qwen2.5:7b,generated_dataset,1777267787,E0003,none,psychiatry,concerned psychiatrist,True,True,True,0.022222,23,22,0.25,0.25,0.25,"[""P9"",""P10"",""P5"",""P4""]","[""P9"",""P1"",""P2"",""P3""]","[""P9"",""P10"",""P5"",""P4"",""P8"",""P7"",""P1"",""P3"",""P2"",""P6""]","[""P9"",""P1"",""P2"",""P3"",""P4"",""P8"",""P5"",""P7"",""P10"",""P6""]",,
qwen2.5:7b,generated_dataset,1777267787,E0003,none,revenue,Revenue officer,True,True,True,0.333333,30,15,0.5,0.5,0.5,"[""P9"",""P10"",""P5"",""P4""]","[""P9"",""P1"",""P3"",""P5""]","[""P9"",""P10"",""P5"",""P4"",""P8"",""P7"",""P1"",""P3"",""P2"",""P6""]","[""P9"",""P1"",""P3"",""P5"",""P4"",""P8"",""P7"",""P2"",""P10"",""P6""]",,
qwen2.5:7b,generated_dataset,1777267787,E0003,none,social_worker,Social worker,True,True,True,0.733333,39,6,0.75,0.75,0.75,"[""P9"",""P10"",""P5"",""P4""]","[""P9"",""P10"",""P5"",""P8""]","[""P9"",""P10"",""P5"",""P4"",""P8"",""P7"",""P1"",""P3"",""P2"",""P6""]","[""P9"",""P10"",""P5"",""P8"",""P7"",""P3"",""P4"",""P2"",""P6"",""P1""]",,
qwen2.5:7b,generated_dataset,1777267787,E0004,none,psychiatry,concerned psychiatrist,True,True,True,0.911111,43,2,0.75,0.75,0.75,"[""P9"",""P1"",""P3"",""P7""]","[""P9"",""P1"",""P3"",""P8""]","[""P9"",""P1"",""P3"",""P7"",""P8"",""P6"",""P4"",""P10"",""P2"",""P5""]","[""P9"",""P1"",""P3"",""P8"",""P7"",""P6"",""P4"",""P2"",""P10"",""P5""]",,
qwen2.5:7b,generated_dataset,1777267787,E0004,none,revenue,Revenue officer,True,True,True,0.733333,39,6,0.75,0.75,0.75,"[""P9"",""P1"",""P3"",""P7""]","[""P9"",""P3"",""P1"",""P8""]","[""P9"",""P1"",""P3"",""P7"",""P8"",""P6"",""P4"",""P10"",""P2"",""P5""]","[""P9"",""P3"",""P1"",""P8"",""P6"",""P2"",""P7"",""P4"",""P10"",""P5""]",,
qwen2.5:7b,generated_dataset,1777267787,E0004,none,social_worker,Social worker,True,True,True,0.866667,42,3,1.0,1.0,1.0,"[""P9"",""P1"",""P3"",""P7""]","[""P9"",""P1"",""P3"",""P7""]","[""P9"",""P1"",""P3"",""P7"",""P8"",""P6"",""P4"",""P10"",""P2"",""P5""]","[""P9"",""P1"",""P3"",""P7"",""P8"",""P2"",""P6"",""P4"",""P10"",""P5""]",,
qwen2.5:7b,generated_dataset,1777267787,E0005,none,psychiatry,concerned psychiatrist,True,True,True,0.688889,38,7,0.75,0.75,0.75,"[""P9"",""P5"",""P1"",""P6""]","[""P9"",""P5"",""P1"",""P3""]","[""P9"",""P5"",""P1"",""P6"",""P2"",""P4"",""P3"",""P7"",""P10"",""P8""]","[""P9"",""P5"",""P1"",""P3"",""P2"",""P4"",""P7"",""P10"",""P6"",""P8""]",,
qwen2.5:7b,generated_dataset,1777267787,E0005,none,revenue,Revenue officer,True,True,True,1.0,45,0,1.0,1.0,1.0,"[""P9"",""P5"",""P1"",""P6""]","[""P9"",""P5"",""P1"",""P6""]","[""P9"",""P5"",""P1"",""P6"",""P2"",""P4"",""P3"",""P7"",""P10"",""P8""]","[""P9"",""P5"",""P1"",""P6"",""P2"",""P4"",""P3"",""P7"",""P10"",""P8""]",,
qwen2.5:7b,generated_dataset,1777267787,E0005,none,social_worker,Social worker,True,True,True,0.688889,38,7,0.75,0.75,0.75,"[""P9"",""P5"",""P1"",""P6""]","[""P9"",""P5"",""P1"",""P3""]","[""P9"",""P5"",""P1"",""P6"",""P2"",""P4"",""P3"",""P7"",""P10"",""P8""]","[""P9"",""P5"",""P1"",""P3"",""P2"",""P4"",""P7"",""P10"",""P6"",""P8""]",,
